{"cameraMode":{"drawMode":0,"name":"Shaded","section":"Shading Mode"},"sceneLighting":true,"audioPlay":false,"sceneViewState":{"showFog":false,"showMaterialUpdate":false,"showSkybox":false,"showFlares":false,"showImageEffects":false,"showParticleSystems":false},"in2DMode":false,"pivot":{"x":2.8400611877441408,"y":-22.322668075561525,"z":-6.183170318603516},"rotation":{"x":0.0543113648891449,"y":0.9403414130210877,"z":-0.2834903597831726,"w":0.18016517162322999},"size":83.22761535644531,"orthographic":false}